MP101.hdf5,MP102.hdf5,MP103.hdf5,MP104.hdf5,MP105.hdf5,MP106.hdf5,MP107.hdf5,MP108.hdf5,MP109.hdf5,MP110.hdf5
0.10632994771003723,0.15704387426376343,0.08432655781507492,0.08001348376274109,0.13986672461032867,0.09221436083316803,0.1475023329257965,0.04538383334875107,0.06445032358169556,0.06893464922904968
0.07530337572097778,0.13309139013290405,0.09094040840864182,0.1537580043077469,0.1342218667268753,0.2095719575881958,0.27725720405578613,0.12188028544187546,0.11681148409843445,0.15702775120735168
0.08842243254184723,0.19993402063846588,0.17340682446956635,0.1507246345281601,0.15350842475891113,0.2852039039134979,0.20210982859134674,0.09834291785955429,0.20974688231945038,0.09835869818925858
0.10114791989326477,0.24790498614311218,0.15266965329647064,0.25493764877319336,0.16417090594768524,0.295315146446228,0.16878683865070343,0.10774433612823486,0.20022666454315186,0.13560131192207336
0.10475565493106842,0.25146815180778503,0.13703066110610962,0.18483316898345947,0.20995688438415527,0.3378496766090393,0.27415451407432556,0.15049035847187042,0.18579523265361786,0.14031632244586945
0.10324696451425552,0.27931374311447144,0.1466069519519806,0.12874957919120789,0.20235201716423035,0.2970677316188812,0.31740614771842957,0.16367940604686737,0.18005289137363434,0.13410921394824982
0.1492292582988739,0.19835038483142853,0.12380295991897583,0.1556454300880432,0.19372795522212982,0.2699696719646454,0.27570587396621704,0.11146432161331177,0.20868907868862152,0.136974036693573
0.10114791989326477,0.1634444147348404,0.11353772133588791,0.2619481086730957,0.18910230696201324,0.29996630549430847,0.2842072546482086,0.15752451121807098,0.20256894826889038,0.12623097002506256
0.13998031616210938,0.14477069675922394,0.17292456328868866,0.2440849393606186,0.3094472885131836,0.24994944036006927,0.2539869546890259,0.21515049040317535,0.21533812582492828,0.1777379959821701
